Duty cycle (%)	DMM VHigh (mV)	DMM IHigh (mA)	DMM VLow (mV)	DMM ILow (mA)	DMM POWER High (W)	DMM POWER Low (W)	DMM Efficiency (%)	TWIST Duty Cycle (%)	TWIST VHigh (mV)	TWIST VLow1 (mV)	TWIST VLow2 (mV)	TWIST IHigh (mA)	TWIST ILow1 (mA)	TWIST ILow2 (mA)	TWIST Power High (W)	TWIST Power Leg 1 (W)	TWIST Power Leg 2 (W)	TWIST Efficiency Leg 1 (%)	TWIST Efficiency Leg 2 (%)	Power High Absolute error (W)	Power Low1 Absolute error (W)	Power Low2 Absolute error (W)	Power High relative error (%)	Power Low1 relative error (%)	Power Low2 relative error (%)	Efficiency Absolute error leg 1 (%)	Efficiency Absolute error leg 2 (%)	Efficiency Relative error leg 1 (%)	Efficiency Relative error leg 2 (%)
5	24056	172	987	502	4.1	0.5	12.2	5.0	23769.0	-607.0	565.0	136.0	179.0	-158.0	3.2	-0.1	-0.1	-3.1	-3.1	0.9	0.6	0.6	22.0	120.0	120.0	-15.3	-15.3	-1.3	-1.3
5	24056	172	987	502	4.1	0.5	12.2	5.0	23701.0	-192.0	565.0	4.0	152.0	-142.0	0.1	-0.0	-0.1	-0.0	-100.0	4.0	0.5	0.6	98.0	100.0	120.0	-12.2	-112.2	-1.0	-9.2
5	24056	172	987	502	4.1	0.5	12.2	5.0	23971.0	-468.0	519.0	51.0	287.0	-179.0	1.2	-0.1	-0.1	-8.3	-8.3	2.9	0.6	0.6	71.0	120.0	120.0	-20.5	-20.5	-1.7	-1.7
5	24056	172	987	502	4.1	0.5	12.2	5.0	24039.0	-330.0	473.0	162.0	211.0	-158.0	3.9	-0.1	-0.1	-2.6	-2.6	0.2	0.6	0.6	5.0	120.0	120.0	-14.8	-14.8	-1.2	-1.2
5	24056	172	987	502	4.1	0.5	12.2	5.0	23566.0	-330.0	519.0	141.0	195.0	-201.0	3.3	-0.1	-0.1	-3.0	-3.0	0.8	0.6	0.6	20.0	120.0	120.0	-15.2	-15.2	-1.2	-1.2
10	24057	192	2146	502	4.6	1.1	23.9	10.0	23904.0	777.0	1579.0	83.0	201.0	-158.0	2.0	0.2	-0.2	10.0	-10.0	2.6	0.9	1.3	57.0	82.0	118.0	-13.9	-33.9	-0.6	-1.4
10	24057	192	2146	502	4.6	1.1	23.9	10.0	23431.0	823.0	1717.0	72.0	222.0	-185.0	1.7	0.2	-0.3	11.8	-17.6	2.9	0.9	1.4	63.0	82.0	127.0	-12.1	-41.5	-0.5	-1.7
10	24057	192	2146	502	4.6	1.1	23.9	10.0	23701.0	961.0	1533.0	152.0	201.0	-94.0	3.6	0.2	-0.1	5.6	-2.8	1.0	0.9	1.2	22.0	82.0	109.0	-18.3	-26.7	-0.8	-1.1
10	24057	192	2146	502	4.6	1.1	23.9	10.0	23499.0	823.0	1671.0	57.0	114.0	-169.0	1.3	0.1	-0.3	7.7	-23.1	3.3	1.0	1.4	72.0	91.0	127.0	-16.2	-47.0	-0.7	-2.0
10	24057	192	2146	502	4.6	1.1	23.9	10.0	23566.0	777.0	1533.0	83.0	157.0	-206.0	2.0	0.1	-0.3	5.0	-15.0	2.6	1.0	1.4	57.0	91.0	127.0	-18.9	-38.9	-0.8	-1.6
15	24057	213	3318	502	5.1	1.7	33.3	15.0	23701.0	2206.0	2777.0	199.0	162.0	-9.0	4.7	0.4	-0.0	8.5	-0.0	0.4	1.3	1.7	8.0	76.0	100.0	-24.8	-33.3	-0.7	-1.0
15	24058	213	3318	502	5.1	1.7	33.3	15.0	23904.0	2114.0	2869.0	67.0	184.0	-78.0	1.6	0.4	-0.2	25.0	-12.5	3.5	1.3	1.9	69.0	76.0	112.0	-8.3	-45.8	-0.2	-1.4
15	24057	213	3318	502	5.1	1.7	33.3	15.0	23701.0	2068.0	2823.0	136.0	195.0	-68.0	3.2	0.4	-0.2	12.5	-6.2	1.9	1.3	1.9	37.0	76.0	112.0	-20.8	-39.5	-0.6	-1.2
15	24057	213	3317	502	5.1	1.7	33.3	15.0	23566.0	2206.0	2915.0	104.0	130.0	-116.0	2.5	0.3	-0.3	12.0	-12.0	2.6	1.4	2.0	51.0	82.0	118.0	-21.3	-45.3	-0.6	-1.4
15	24058	213	3318	502	5.1	1.7	33.3	15.0	23499.0	2253.0	2915.0	194.0	157.0	-126.0	4.6	0.4	-0.4	8.7	-8.7	0.5	1.3	2.1	10.0	76.0	124.0	-24.6	-42.0	-0.7	-1.3
20	24057	237	4497	502	5.7	2.3	40.4	20.0	23971.0	3267.0	4252.0	189.0	173.0	-89.0	4.5	0.6	-0.4	13.3	-8.9	1.2	1.7	2.7	21.0	74.0	117.0	-27.1	-49.3	-0.7	-1.2
20	24057	237	4497	502	5.7	2.3	40.4	20.0	23566.0	3083.0	4160.0	199.0	168.0	-68.0	4.7	0.5	-0.3	10.6	-6.4	1.0	1.8	2.6	18.0	78.0	113.0	-29.8	-46.8	-0.7	-1.2
20	24058	237	4497	502	5.7	2.3	40.4	20.0	23566.0	3313.0	4022.0	67.0	195.0	-73.0	1.6	0.6	-0.3	37.5	-18.7	4.1	1.7	2.6	72.0	74.0	113.0	-2.9	-59.1	-0.1	-1.5
20	24058	237	4497	502	5.7	2.3	40.4	20.0	23499.0	3221.0	4068.0	210.0	70.0	-41.0	4.9	0.2	-0.2	4.1	-4.1	0.8	2.1	2.5	14.0	91.0	109.0	-36.3	-44.5	-0.9	-1.1
20	24058	237	4497	502	5.7	2.3	40.4	20.0	23431.0	3267.0	3976.0	125.0	173.0	-47.0	2.9	0.6	-0.2	20.7	-6.9	2.8	1.7	2.5	49.0	74.0	109.0	-19.7	-47.3	-0.5	-1.2
25	24057	261	5684	502	6.3	2.9	46.0	25.0	24039.0	4374.0	5220.0	147.0	217.0	1.0	3.5	0.9	0.0	25.7	0.0	2.8	2.0	2.9	44.0	69.0	100.0	-20.3	-46.0	-0.4	-1.0
25	24056	261	5684	502	6.3	2.9	46.0	25.0	23904.0	4420.0	5358.0	168.0	320.0	-20.0	4.0	1.4	-0.1	35.0	-2.5	2.3	1.5	3.0	37.0	52.0	103.0	-11.0	-48.5	-0.2	-1.1
25	24056	261	5684	502	6.3	2.9	46.0	25.0	23634.0	4282.0	5312.0	173.0	211.0	76.0	4.1	0.9	0.4	22.0	9.8	2.2	2.0	2.5	35.0	69.0	86.0	-24.0	-36.2	-0.5	-0.8
25	24057	261	5684	502	6.3	2.9	46.0	25.0	23499.0	4374.0	5312.0	184.0	201.0	-105.0	4.3	0.9	-0.6	20.9	-14.0	2.0	2.0	3.5	32.0	69.0	121.0	-25.1	-60.0	-0.5	-1.3
25	24057	261	5683	502	6.3	2.9	46.0	25.0	23904.0	4328.0	5128.0	136.0	309.0	-68.0	3.3	1.3	-0.3	39.4	-9.1	3.0	1.6	3.2	48.0	55.0	110.0	-6.6	-55.1	-0.1	-1.2
30	24054	286	6873	502	6.9	3.5	50.7	30.0	23499.0	5527.0	6372.0	289.0	249.0	-15.0	6.8	1.4	-0.1	20.6	-1.5	0.1	2.1	3.6	1.0	60.0	103.0	-30.1	-52.2	-0.6	-1.0
30	24054	286	6873	502	6.9	3.5	50.7	30.0	23701.0	5389.0	6557.0	157.0	293.0	-31.0	3.7	1.6	-0.2	43.2	-5.4	3.2	1.9	3.7	46.0	54.0	106.0	-7.5	-56.1	-0.1	-1.1
30	24055	286	6873	502	6.9	3.5	50.7	30.0	23836.0	5527.0	6418.0	226.0	282.0	38.0	5.4	1.6	0.2	29.6	3.7	1.5	1.9	3.3	22.0	54.0	94.0	-21.1	-47.0	-0.4	-0.9
30	24055	286	6873	502	6.9	3.5	50.7	30.0	23701.0	5665.0	6557.0	332.0	239.0	-84.0	7.9	1.4	-0.6	17.7	-7.6	-1.0	2.1	4.1	-14.0	60.0	117.0	-33.0	-58.3	-0.7	-1.1
30	24054	286	6872	502	6.9	3.4	49.3	30.0	23769.0	5711.0	6603.0	178.0	260.0	-20.0	4.2	1.5	-0.1	35.7	-2.4	2.7	1.9	3.5	39.0	56.0	103.0	-13.6	-51.7	-0.3	-1.0
35	24053	311	8066	502	7.5	4.0	53.3	35.0	23566.0	6772.0	7432.0	247.0	287.0	44.0	5.8	1.9	0.3	32.8	5.2	1.7	2.1	3.7	23.0	52.0	92.0	-20.5	-48.1	-0.4	-0.9
35	24053	311	8066	502	7.5	4.0	53.3	35.0	23634.0	6772.0	7524.0	226.0	255.0	-73.0	5.3	1.7	-0.5	32.1	-9.4	2.2	2.3	4.5	29.0	57.0	112.0	-21.2	-62.7	-0.4	-1.2
35	24053	311	8066	502	7.5	4.0	53.3	35.0	23296.0	6911.0	7432.0	178.0	298.0	-4.0	4.1	2.1	-0.0	51.2	-0.0	3.4	1.9	4.0	45.0	48.0	100.0	-2.1	-53.3	-0.0	-1.0
35	24052	311	8066	502	7.5	4.0	53.3	35.0	23431.0	6772.0	7386.0	337.0	293.0	54.0	7.9	2.0	0.4	25.3	5.1	-0.4	2.0	3.6	-5.0	50.0	90.0	-28.0	-48.2	-0.5	-0.9
35	24053	312	8066	502	7.5	4.0	53.3	35.0	23904.0	6818.0	7893.0	147.0	315.0	-78.0	3.5	2.1	-0.6	60.0	-17.1	4.0	1.9	4.6	53.0	48.0	115.0	6.7	-70.4	0.1	-1.3
40	24052	337	9260	502	8.1	4.6	56.8	40.0	23904.0	7833.0	8861.0	247.0	293.0	-100.0	5.9	2.3	-0.9	39.0	-15.3	2.2	2.3	5.5	27.0	50.0	120.0	-17.8	-72.1	-0.3	-1.3
40	24052	337	9261	502	8.1	4.6	56.8	40.0	23499.0	7787.0	8907.0	221.0	342.0	12.0	5.2	2.7	0.1	51.9	1.9	2.9	1.9	4.5	36.0	41.0	98.0	-4.9	-54.9	-0.1	-1.0
40	24052	337	9260	502	8.1	4.6	56.8	40.0	23431.0	8110.0	8815.0	194.0	304.0	17.0	4.5	2.5	0.1	55.6	2.2	3.6	2.1	4.5	44.0	46.0	98.0	-1.2	-54.6	-0.0	-1.0
40	24052	337	9260	502	8.1	4.6	56.8	40.0	23701.0	7925.0	8723.0	263.0	249.0	-20.0	6.2	2.0	-0.2	32.3	-3.2	1.9	2.6	4.8	23.0	57.0	104.0	-24.5	-60.0	-0.4	-1.1
40	24052	337	9260	502	8.1	4.6	56.8	40.0	23701.0	7879.0	8861.0	178.0	315.0	44.0	4.2	2.5	0.4	59.5	9.5	3.9	2.1	4.2	48.0	46.0	91.0	2.7	-47.3	0.0	-0.8
45	24052	362	10458	502	8.7	5.2	59.8	45.0	23364.0	9216.0	10059.0	337.0	244.0	28.0	7.9	2.2	0.3	27.8	3.8	0.8	3.0	4.9	9.0	58.0	94.0	-32.0	-56.0	-0.5	-0.9
45	24051	362	10458	502	8.7	5.2	59.8	45.0	23499.0	8755.0	10105.0	194.0	244.0	-15.0	4.6	2.1	-0.2	45.7	-4.3	4.1	3.1	5.4	47.0	60.0	104.0	-14.1	-64.1	-0.2	-1.1
45	24051	362	10458	502	8.7	5.2	59.8	45.0	23769.0	9309.0	9967.0	221.0	239.0	-15.0	5.3	2.2	-0.1	41.5	-1.9	3.4	3.0	5.3	39.0	58.0	102.0	-18.3	-61.7	-0.3	-1.0
45	24052	362	10458	502	8.7	5.2	59.8	45.0	23364.0	9078.0	10059.0	210.0	211.0	70.0	4.9	1.9	0.7	38.8	14.3	3.8	3.3	4.5	44.0	63.0	87.0	-21.0	-45.5	-0.4	-0.8
45	24052	362	10459	502	8.7	5.3	60.9	45.0	23769.0	9078.0	10059.0	316.0	249.0	86.0	7.5	2.3	0.9	30.7	12.0	1.2	3.0	4.4	14.0	57.0	83.0	-30.2	-48.9	-0.5	-0.8
50	24053	386	11658	502	9.3	5.9	63.4	50.0	23296.0	10231.0	11073.0	363.0	233.0	107.0	8.5	2.4	1.2	28.2	14.1	0.8	3.5	4.7	9.0	59.0	80.0	-35.2	-49.3	-0.6	-0.8
50	24053	386	11658	502	9.3	5.9	63.4	50.0	23701.0	10416.0	11212.0	258.0	260.0	-4.0	6.1	2.7	-0.0	44.3	-0.0	3.2	3.2	5.9	34.0	54.0	100.0	-19.1	-63.4	-0.3	-1.0
50	24053	386	11658	502	9.3	5.9	63.4	50.0	23431.0	10231.0	11212.0	242.0	277.0	7.0	5.7	2.8	0.1	49.1	1.8	3.6	3.1	5.8	39.0	53.0	98.0	-14.3	-61.6	-0.2	-1.0
50	24053	386	11658	502	9.3	5.9	63.4	50.0	23431.0	10139.0	11258.0	173.0	277.0	-36.0	4.1	2.8	-0.4	68.3	-9.8	5.2	3.1	6.3	56.0	53.0	107.0	4.9	-73.2	0.1	-1.2
50	24053	386	11658	502	9.3	5.9	63.4	50.0	23701.0	10369.0	11073.0	199.0	222.0	49.0	4.7	2.3	0.5	48.9	10.6	4.6	3.6	5.4	49.0	61.0	92.0	-14.5	-52.8	-0.2	-0.8
55	24053	411	12859	502	9.9	6.5	65.7	55.00000000000001	23499.0	11338.0	12502.0	247.0	336.0	-9.0	5.8	3.8	-0.1	65.5	-1.7	4.1	2.7	6.6	41.0	42.0	102.0	-0.2	-67.4	-0.0	-1.0
55	24053	411	12859	502	9.9	6.5	65.7	55.00000000000001	23701.0	11522.0	12502.0	289.0	304.0	12.0	6.8	3.5	0.2	51.5	2.9	3.1	3.0	6.3	31.0	46.0	97.0	-14.2	-62.8	-0.2	-1.0
55	24053	411	12859	502	9.9	6.5	65.7	55.00000000000001	23904.0	11338.0	12456.0	279.0	282.0	44.0	6.7	3.2	0.5	47.8	7.5	3.2	3.3	6.0	32.0	51.0	92.0	-17.9	-58.2	-0.3	-0.9
55	24053	411	12859	502	9.9	6.5	65.7	55.00000000000001	23701.0	11661.0	12410.0	279.0	271.0	22.0	6.6	3.2	0.3	48.5	4.5	3.3	3.3	6.2	33.0	51.0	95.0	-17.2	-61.2	-0.3	-0.9
55	24053	411	12859	502	9.9	6.5	65.7	55.00000000000001	24039.0	11430.0	12502.0	279.0	331.0	44.0	6.7	3.8	0.6	56.7	9.0	3.2	2.7	5.9	32.0	42.0	91.0	-9.0	-56.7	-0.1	-0.9
5	24057	212	684	1504	5.1	1.0	19.6	5.0	24039.0	-284.0	473.0	25.0	255.0	-201.0	0.6	-0.1	-0.1	-16.7	-16.7	4.5	1.1	1.1	88.0	110.0	110.0	-36.3	-36.3	-1.9	-1.9
5	24057	211	684	1504	5.1	1.0	19.6	5.0	24039.0	-468.0	657.0	14.0	152.0	-153.0	0.3	-0.1	-0.1	-33.3	-33.3	4.8	1.1	1.1	94.0	110.0	110.0	-52.9	-52.9	-2.7	-2.7
5	24057	212	684	1504	5.1	1.0	19.6	5.0	23701.0	-330.0	657.0	57.0	320.0	-158.0	1.4	-0.1	-0.1	-7.1	-7.1	3.7	1.1	1.1	73.0	110.0	110.0	-26.7	-26.7	-1.4	-1.4
5	24057	212	684	1504	5.1	1.0	19.6	5.0	24039.0	-146.0	565.0	78.0	255.0	-153.0	1.9	-0.0	-0.1	-0.0	-5.3	3.2	1.0	1.1	63.0	100.0	110.0	-19.6	-24.9	-1.0	-1.3
5	24057	212	684	1504	5.1	1.0	19.6	5.0	24039.0	-376.0	427.0	168.0	168.0	-94.0	4.0	-0.1	-0.0	-2.5	-0.0	1.1	1.1	1.0	22.0	110.0	100.0	-22.1	-19.6	-1.1	-1.0
10	24054	282	1882	1504	6.8	2.8	41.2	10.0	23904.0	592.0	1671.0	115.0	1195.0	-116.0	2.7	0.7	-0.2	25.9	-7.4	4.1	2.1	3.0	60.0	75.0	107.0	-15.3	-48.6	-0.4	-1.2
10	24054	282	1883	1504	6.8	2.8	41.2	10.0	23431.0	638.0	1533.0	162.0	1200.0	-185.0	3.8	0.8	-0.3	21.1	-7.9	3.0	2.0	3.1	44.0	71.0	111.0	-20.1	-49.1	-0.5	-1.2
10	24054	282	1882	1504	6.8	2.8	41.2	10.0	23904.0	500.0	1717.0	152.0	1195.0	-185.0	3.6	0.6	-0.3	16.7	-8.3	3.2	2.2	3.1	47.0	79.0	111.0	-24.5	-49.5	-0.6	-1.2
10	24054	282	1882	1504	6.8	2.8	41.2	10.0	23634.0	546.0	1671.0	110.0	1184.0	-126.0	2.6	0.6	-0.2	23.1	-7.7	4.2	2.2	3.0	62.0	79.0	107.0	-18.1	-48.9	-0.4	-1.2
10	24054	282	1882	1504	6.8	2.8	41.2	10.0	23431.0	500.0	1487.0	274.0	1135.0	-148.0	6.4	0.6	-0.2	9.4	-3.1	0.4	2.2	3.0	6.0	79.0	107.0	-31.8	-44.3	-0.8	-1.1
15	24052	354	3078	1504	8.5	4.6	54.1	15.0	23971.0	1561.0	2731.0	289.0	1200.0	-137.0	6.9	1.9	-0.4	27.5	-5.8	1.6	2.7	5.0	19.0	59.0	109.0	-26.6	-59.9	-0.5	-1.1
15	24053	354	3078	1504	8.5	4.6	54.1	15.0	23566.0	1976.0	2915.0	363.0	1249.0	-100.0	8.6	2.5	-0.3	29.1	-3.5	-0.1	2.1	4.9	-1.0	46.0	107.0	-25.0	-57.6	-0.5	-1.1
15	24053	354	3078	1504	8.5	4.6	54.1	15.0	23836.0	1653.0	2869.0	221.0	1195.0	-116.0	5.3	2.0	-0.3	37.7	-5.7	3.2	2.6	4.9	38.0	57.0	107.0	-16.4	-59.8	-0.3	-1.1
15	24053	354	3078	1504	8.5	4.6	54.1	15.0	23836.0	1699.0	2823.0	263.0	1173.0	-169.0	6.3	2.0	-0.5	31.7	-7.9	2.2	2.6	5.1	26.0	57.0	111.0	-22.4	-62.0	-0.4	-1.1
15	24053	354	3078	1504	8.5	4.6	54.1	15.0	23769.0	1884.0	2823.0	226.0	1233.0	-110.0	5.4	2.3	-0.3	42.6	-5.6	3.1	2.3	4.9	36.0	50.0	107.0	-11.5	-59.7	-0.2	-1.1
20	24053	427	4274	1504	10.3	6.4	62.1	20.0	23634.0	2852.0	4114.0	337.0	1222.0	-174.0	8.0	3.5	-0.7	43.8	-8.8	2.3	2.9	7.1	22.0	45.0	111.0	-18.3	-70.9	-0.3	-1.1
20	24054	427	4274	1504	10.3	6.4	62.1	20.0	23431.0	2991.0	4160.0	295.0	1211.0	-25.0	6.9	3.6	-0.1	52.2	-1.4	3.4	2.8	6.5	33.0	44.0	102.0	-9.9	-63.5	-0.2	-1.0
20	24054	427	4274	1504	10.3	6.4	62.1	20.0	24039.0	2991.0	4068.0	300.0	1271.0	-100.0	7.2	3.8	-0.4	52.8	-5.6	3.1	2.6	6.8	30.0	41.0	106.0	-9.3	-67.7	-0.1	-1.1
20	24053	427	4274	1504	10.3	6.4	62.1	20.0	23634.0	3083.0	4114.0	295.0	1254.0	-100.0	7.0	3.9	-0.4	55.7	-5.7	3.3	2.5	6.8	32.0	39.0	106.0	-6.4	-67.8	-0.1	-1.1
20	24053	427	4274	1504	10.3	6.4	62.1	20.0	23296.0	2806.0	3976.0	295.0	1167.0	-63.0	6.9	3.3	-0.3	47.8	-4.3	3.4	3.1	6.7	33.0	48.0	105.0	-14.3	-66.4	-0.2	-1.1
25	24054	502	5471	1504	12.1	8.2	67.8	25.0	23566.0	4190.0	5174.0	485.0	1167.0	-68.0	11.4	4.9	-0.4	43.0	-3.5	0.7	3.3	8.6	6.0	40.0	105.0	-24.8	-71.3	-0.4	-1.1
25	24054	502	5471	1504	12.1	8.2	67.8	25.0	23701.0	4236.0	5358.0	438.0	1298.0	-100.0	10.4	5.5	-0.5	52.9	-4.8	1.7	2.7	8.7	14.0	33.0	106.0	-14.9	-72.6	-0.2	-1.1
25	24054	501	5471	1504	12.1	8.2	67.8	25.0	23836.0	4236.0	4943.0	385.0	1298.0	-52.0	9.2	5.5	-0.3	59.8	-3.3	2.9	2.7	8.5	24.0	33.0	104.0	-8.0	-71.1	-0.1	-1.0
25	24054	501	5471	1504	12.1	8.2	67.8	25.0	23769.0	4236.0	5220.0	438.0	1254.0	-116.0	10.4	5.3	-0.6	51.0	-5.8	1.7	2.9	8.8	14.0	35.0	107.0	-16.8	-73.6	-0.2	-1.1
25	24053	502	5471	1504	12.1	8.2	67.8	25.0	23634.0	4236.0	5128.0	464.0	1222.0	-73.0	11.0	5.2	-0.4	47.3	-3.6	1.1	3.0	8.6	9.0	37.0	105.0	-20.5	-71.4	-0.3	-1.1
30	24053	576	6667	1504	13.9	10.0	71.9	30.0	23836.0	5296.0	6418.0	527.0	1260.0	1.0	12.6	6.7	0.0	53.2	0.0	1.3	3.3	10.0	9.0	33.0	100.0	-18.7	-71.9	-0.3	-1.0
30	24053	576	6667	1504	13.9	10.0	71.9	30.0	23971.0	5389.0	6372.0	469.0	1162.0	-94.0	11.2	6.3	-0.6	56.2	-5.4	2.7	3.7	10.6	19.0	37.0	106.0	-15.7	-77.3	-0.2	-1.1
30	24053	576	6667	1504	13.9	10.0	71.9	30.0	23701.0	5343.0	6418.0	564.0	1243.0	-73.0	13.4	6.6	-0.5	49.3	-3.7	0.5	3.4	10.5	4.0	34.0	105.0	-22.6	-75.6	-0.3	-1.1
30	24053	576	6668	1504	13.9	10.0	71.9	30.0	23364.0	5204.0	6464.0	342.0	1271.0	-41.0	8.0	6.6	-0.3	82.5	-3.8	5.9	3.4	10.3	42.0	34.0	103.0	10.6	-75.7	0.1	-1.1
30	24053	576	6667	1504	13.9	10.0	71.9	30.0	23431.0	5435.0	6418.0	480.0	1216.0	7.0	11.2	6.6	0.0	58.9	0.0	2.7	3.4	10.0	19.0	34.0	100.0	-13.0	-71.9	-0.2	-1.0
35	24051	651	7864	1504	15.7	11.8	75.2	35.0	23566.0	6634.0	7478.0	533.0	1211.0	-105.0	12.6	8.0	-0.8	63.5	-6.3	3.1	3.8	12.6	20.0	32.0	107.0	-11.7	-81.5	-0.2	-1.1
35	24051	651	7864	1504	15.7	11.8	75.2	35.0	23634.0	6680.0	7571.0	538.0	1271.0	-25.0	12.7	8.5	-0.2	66.9	-1.6	3.0	3.3	12.0	19.0	28.0	102.0	-8.3	-76.8	-0.1	-1.0
35	24051	651	7864	1504	15.7	11.8	75.2	35.0	23566.0	6449.0	7755.0	554.0	1319.0	-25.0	13.1	8.5	-0.2	64.9	-1.5	2.6	3.3	12.0	17.0	28.0	102.0	-10.3	-76.7	-0.1	-1.0
35	24051	651	7864	1504	15.7	11.8	75.2	35.0	23769.0	6542.0	7432.0	543.0	1227.0	-47.0	12.9	8.0	-0.3	62.0	-2.3	2.8	3.8	12.1	18.0	32.0	103.0	-13.2	-77.5	-0.2	-1.0
35	24051	651	7864	1504	15.7	11.8	75.2	35.0	23364.0	6542.0	7571.0	601.0	1249.0	-52.0	14.0	8.2	-0.4	58.6	-2.9	1.7	3.6	12.2	11.0	31.0	103.0	-16.6	-78.1	-0.2	-1.0
40	24053	726	9061	1504	17.5	13.6	77.7	40.0	23229.0	7556.0	8723.0	570.0	1227.0	-94.0	13.2	9.3	-0.8	70.5	-6.1	4.3	4.3	14.4	25.0	32.0	106.0	-7.2	-83.8	-0.1	-1.1
40	24053	726	9061	1504	17.5	13.6	77.7	40.0	23634.0	7787.0	8815.0	543.0	1233.0	-25.0	12.8	9.6	-0.2	75.0	-1.6	4.7	4.0	13.8	27.0	29.0	101.0	-2.7	-79.3	-0.0	-1.0
40	24053	726	9061	1504	17.5	13.6	77.7	40.0	23499.0	7695.0	8815.0	580.0	1325.0	12.0	13.6	10.2	0.1	75.0	0.7	3.9	3.4	13.5	22.0	25.0	99.0	-2.7	-77.0	-0.0	-1.0
40	24053	726	9061	1504	17.5	13.6	77.7	40.0	23769.0	7695.0	8769.0	649.0	1298.0	-36.0	15.4	10.0	-0.3	64.9	-1.9	2.1	3.6	13.9	12.0	26.0	102.0	-12.8	-79.6	-0.2	-1.0
40	24053	726	9062	1504	17.5	13.6	77.7	40.0	23769.0	7787.0	8723.0	633.0	1281.0	-105.0	15.0	10.0	-0.9	66.7	-6.0	2.5	3.6	14.5	14.0	26.0	107.0	-11.0	-83.7	-0.1	-1.1
45	24054	801	10260	1504	19.3	15.4	79.8	45.0	23634.0	8894.0	9967.0	681.0	1363.0	-73.0	16.1	12.1	-0.7	75.2	-4.3	3.2	3.3	16.1	17.0	21.0	105.0	-4.6	-84.1	-0.1	-1.1
45	24054	801	10260	1504	19.3	15.4	79.8	45.0	23701.0	8847.0	10013.0	707.0	1260.0	22.0	16.8	11.1	0.2	66.1	1.2	2.5	4.3	15.2	13.0	28.0	99.0	-13.7	-78.6	-0.2	-1.0
45	24054	801	10260	1504	19.3	15.4	79.8	45.0	23701.0	8986.0	9967.0	676.0	1271.0	-41.0	16.0	11.4	-0.4	71.2	-2.5	3.3	4.0	15.8	17.0	26.0	103.0	-8.6	-82.3	-0.1	-1.0
45	24054	801	10260	1504	19.3	15.4	79.8	45.0	23769.0	8755.0	10152.0	639.0	1281.0	-4.0	15.2	11.2	-0.0	73.7	-0.0	4.1	4.2	15.4	21.0	27.0	100.0	-6.1	-79.8	-0.1	-1.0
45	24054	801	10260	1504	19.3	15.4	79.8	45.0	23971.0	8847.0	10059.0	713.0	1303.0	-25.0	17.1	11.5	-0.3	67.3	-1.8	2.2	3.9	15.7	11.0	25.0	102.0	-12.5	-81.6	-0.2	-1.0
50	24048	875	11456	1504	21.0	17.2	81.9	50.0	23634.0	10231.0	11212.0	771.0	1260.0	12.0	18.2	12.9	0.1	70.9	0.5	2.8	4.3	17.1	13.0	25.0	99.0	-11.0	-81.4	-0.1	-1.0
50	24048	875	11456	1504	21.0	17.2	81.9	50.0	23634.0	10185.0	11119.0	707.0	1254.0	7.0	16.7	12.8	0.1	76.6	0.6	4.3	4.4	17.1	20.0	26.0	99.0	-5.3	-81.3	-0.1	-1.0
50	24048	875	11456	1504	21.0	17.2	81.9	50.0	23499.0	10093.0	11350.0	728.0	1281.0	-15.0	17.1	12.9	-0.2	75.4	-1.2	3.9	4.3	17.4	19.0	25.0	101.0	-6.5	-83.1	-0.1	-1.0
50	24048	875	11456	1504	21.0	17.2	81.9	50.0	23836.0	10093.0	10981.0	681.0	1314.0	-41.0	16.2	13.3	-0.5	82.1	-3.1	4.8	3.9	17.7	23.0	23.0	103.0	0.2	-85.0	0.0	-1.0
50	24048	875	11456	1504	21.0	17.2	81.9	50.0	23161.0	10231.0	11350.0	760.0	1265.0	-68.0	17.6	12.9	-0.8	73.3	-4.5	3.4	4.3	18.0	16.0	25.0	105.0	-8.6	-86.4	-0.1	-1.1
55	24048	949	12655	1504	22.8	19.0	83.3	55.00000000000001	23499.0	11246.0	12364.0	866.0	1352.0	44.0	20.4	15.2	0.5	74.5	2.5	2.4	3.8	18.5	11.0	20.0	97.0	-8.8	-80.8	-0.1	-1.0
55	24048	949	12656	1504	22.8	19.0	83.3	55.00000000000001	23904.0	11246.0	12548.0	797.0	1292.0	-68.0	19.1	14.5	-0.9	75.9	-4.7	3.7	4.5	19.9	16.0	24.0	105.0	-7.4	-88.0	-0.1	-1.1
55	24048	949	12655	1504	22.8	19.0	83.3	55.00000000000001	23701.0	11292.0	12410.0	935.0	1249.0	-73.0	22.2	14.1	-0.9	63.5	-4.1	0.6	4.9	19.9	3.0	26.0	105.0	-19.8	-87.4	-0.2	-1.0
55	24048	949	12655	1504	22.8	19.0	83.3	55.00000000000001	23701.0	11384.0	12548.0	744.0	1352.0	1.0	17.6	15.4	0.0	87.5	0.0	5.2	3.6	19.0	23.0	19.0	100.0	4.2	-83.3	0.1	-1.0
55	24048	949	12655	1504	22.8	19.0	83.3	55.00000000000001	23904.0	11338.0	12456.0	829.0	1303.0	-20.0	19.8	14.8	-0.2	74.7	-1.0	3.0	4.2	19.2	13.0	22.0	101.0	-8.6	-84.3	-0.1	-1.0
5	24057	238	593	2208	5.7	1.3	22.8	5.0	23701.0	-930.0	473.0	178.0	1249.0	-89.0	4.2	-1.2	-0.0	-28.6	-0.0	1.5	2.5	1.3	26.0	192.0	100.0	-51.4	-22.8	-2.3	-1.0
5	24057	238	592	2207	5.7	1.3	22.8	5.0	24039.0	-883.0	519.0	162.0	1173.0	-169.0	3.9	-1.0	-0.1	-25.6	-2.6	1.8	2.3	1.4	32.0	177.0	108.0	-48.4	-25.4	-2.1	-1.1
5	24057	238	593	2208	5.7	1.3	22.8	5.0	23701.0	-883.0	473.0	-12.0	1271.0	-190.0	-0.3	-1.1	-0.1	366.7	33.3	6.0	2.4	1.4	105.0	185.0	108.0	343.9	10.5	15.1	0.5
5	24057	238	593	2208	5.7	1.3	22.8	5.0	24039.0	-791.0	519.0	78.0	1216.0	-110.0	1.9	-1.0	-0.1	-52.6	-5.3	3.8	2.3	1.4	67.0	177.0	108.0	-75.4	-28.1	-3.3	-1.2
5	24057	238	593	2208	5.7	1.3	22.8	5.0	24039.0	-791.0	427.0	221.0	1260.0	-270.0	5.3	-1.0	-0.1	-18.9	-1.9	0.4	2.3	1.4	7.0	177.0	108.0	-41.7	-24.7	-1.8	-1.1
10	24052	370	1762	2507	8.9	4.4	49.4	10.0	23769.0	270.0	1579.0	221.0	2113.0	-148.0	5.3	0.6	-0.2	11.3	-3.8	3.6	3.8	4.6	40.0	86.0	105.0	-38.1	-53.2	-0.8	-1.1
10	24052	370	1762	2507	8.9	4.4	49.4	10.0	23769.0	270.0	1533.0	295.0	2172.0	-153.0	7.0	0.6	-0.2	8.6	-2.9	1.9	3.8	4.6	21.0	86.0	105.0	-40.8	-52.3	-0.8	-1.1
10	24052	370	1761	2507	8.9	4.4	49.4	10.0	23701.0	270.0	1625.0	194.0	2221.0	-243.0	4.6	0.6	-0.4	13.0	-8.7	4.3	3.8	4.8	48.0	86.0	109.0	-36.4	-58.1	-0.7	-1.2
10	24052	370	1761	2507	8.9	4.4	49.4	10.0	23769.0	362.0	1487.0	268.0	2254.0	-169.0	6.4	0.8	-0.3	12.5	-4.7	2.5	3.6	4.7	28.0	82.0	107.0	-36.9	-54.1	-0.7	-1.1
10	24052	370	1761	2507	8.9	4.4	49.4	10.0	23836.0	223.0	1625.0	226.0	2151.0	-233.0	5.4	0.5	-0.4	9.3	-7.4	3.5	3.9	4.8	39.0	89.0	109.0	-40.1	-56.8	-0.8	-1.1
15	24054	492	2960	2507	11.8	7.4	62.7	15.0	23701.0	1653.0	2731.0	416.0	2259.0	-169.0	9.9	3.7	-0.5	37.4	-5.1	1.9	3.7	7.9	16.0	50.0	107.0	-25.3	-67.8	-0.4	-1.1
15	24054	492	2959	2507	11.8	7.4	62.7	15.0	23499.0	1791.0	2685.0	459.0	2276.0	-174.0	10.8	4.1	-0.5	38.0	-4.6	1.0	3.3	7.9	8.0	45.0	107.0	-24.7	-67.3	-0.4	-1.1
15	24054	492	2960	2507	11.8	7.4	62.7	15.0	23769.0	1699.0	2777.0	374.0	2265.0	-174.0	8.9	3.8	-0.5	42.7	-5.6	2.9	3.6	7.9	25.0	49.0	107.0	-20.0	-68.3	-0.3	-1.1
15	24054	492	2959	2507	11.8	7.4	62.7	15.0	23701.0	1791.0	2731.0	406.0	2216.0	-211.0	9.6	4.0	-0.6	41.7	-6.2	2.2	3.4	8.0	19.0	46.0	108.0	-21.0	-68.9	-0.3	-1.1
15	24054	492	2959	2507	11.8	7.4	62.7	15.0	23566.0	1699.0	2731.0	416.0	2238.0	-148.0	9.8	3.8	-0.4	38.8	-4.1	2.0	3.6	7.8	17.0	49.0	105.0	-23.9	-66.8	-0.4	-1.1
20	24054	615	4156	2507	14.8	10.4	70.3	20.0	23904.0	2714.0	4068.0	580.0	2232.0	-148.0	13.9	6.1	-0.6	43.9	-4.3	0.9	4.3	11.0	6.0	41.0	106.0	-26.4	-74.6	-0.4	-1.1
20	24054	615	4156	2507	14.8	10.4	70.3	20.0	23364.0	3037.0	4160.0	506.0	2183.0	-174.0	11.8	6.6	-0.7	55.9	-5.9	3.0	3.8	11.1	20.0	37.0	107.0	-14.4	-76.2	-0.2	-1.1
20	24055	616	4156	2507	14.8	10.4	70.3	20.0	23701.0	2806.0	3976.0	533.0	2259.0	-137.0	12.6	6.3	-0.5	50.0	-4.0	2.2	4.1	10.9	15.0	39.0	105.0	-20.3	-74.3	-0.3	-1.1
20	24055	616	4156	2507	14.8	10.4	70.3	20.0	23634.0	2852.0	3976.0	522.0	2189.0	-105.0	12.3	6.2	-0.4	50.4	-3.3	2.5	4.2	10.8	17.0	40.0	104.0	-19.9	-73.6	-0.3	-1.0
20	24055	615	4156	2507	14.8	10.4	70.3	20.0	23701.0	2760.0	3976.0	448.0	2216.0	-116.0	10.6	6.1	-0.5	57.5	-4.7	4.2	4.3	10.9	28.0	41.0	105.0	-12.8	-75.0	-0.2	-1.1
25	24054	740	5354	2507	17.8	13.4	75.3	25.0	23701.0	3775.0	5312.0	512.0	2210.0	-78.0	12.1	8.3	-0.4	68.6	-3.3	5.7	5.1	13.8	32.0	38.0	103.0	-6.7	-78.6	-0.1	-1.0
25	24054	740	5354	2507	17.8	13.4	75.3	25.0	23566.0	4143.0	5220.0	623.0	2221.0	-63.0	14.7	9.2	-0.3	62.6	-2.0	3.1	4.2	13.7	17.0	31.0	102.0	-12.7	-77.3	-0.2	-1.0
25	24054	740	5353	2507	17.8	13.4	75.3	25.0	23566.0	4051.0	5036.0	660.0	2292.0	-121.0	15.6	9.3	-0.6	59.6	-3.8	2.2	4.1	14.0	12.0	31.0	104.0	-15.7	-79.1	-0.2	-1.1
25	24054	740	5353	2507	17.8	13.4	75.3	25.0	23566.0	4051.0	5174.0	639.0	2227.0	-211.0	15.1	9.0	-1.1	59.6	-7.3	2.7	4.4	14.5	15.0	33.0	108.0	-15.7	-82.6	-0.2	-1.1
25	24054	740	5354	2507	17.8	13.4	75.3	25.0	23499.0	4236.0	5082.0	612.0	2210.0	-47.0	14.4	9.4	-0.2	65.3	-1.4	3.4	4.0	13.6	19.0	30.0	101.0	-10.0	-76.7	-0.1	-1.0
30	24048	864	6548	2507	20.8	16.4	78.8	30.0	23499.0	5343.0	6418.0	781.0	2199.0	-73.0	18.4	11.7	-0.5	63.6	-2.7	2.4	4.7	16.9	12.0	29.0	103.0	-15.2	-81.5	-0.2	-1.0
30	24048	864	6548	2507	20.8	16.4	78.8	30.0	23566.0	5250.0	6372.0	818.0	2227.0	-174.0	19.3	11.7	-1.1	60.6	-5.7	1.5	4.7	17.5	7.0	29.0	107.0	-18.2	-84.5	-0.2	-1.1
30	24048	864	6548	2507	20.8	16.4	78.8	30.0	23431.0	5343.0	6418.0	718.0	2254.0	-110.0	16.8	12.0	-0.7	71.4	-4.2	4.0	4.4	17.1	19.0	27.0	104.0	-7.4	-83.0	-0.1	-1.1
30	24048	864	6548	2507	20.8	16.4	78.8	30.0	23836.0	5389.0	6464.0	781.0	2199.0	-110.0	18.6	11.9	-0.7	64.0	-3.8	2.2	4.5	17.1	11.0	27.0	104.0	-14.8	-82.6	-0.2	-1.0
30	24048	864	6548	2507	20.8	16.4	78.8	30.0	23634.0	5250.0	6510.0	744.0	2238.0	7.0	17.6	11.7	0.0	66.5	0.0	3.2	4.7	16.4	15.0	29.0	100.0	-12.3	-78.8	-0.2	-1.0
35	24051	989	7745	2507	23.8	19.4	81.5	35.0	23971.0	6449.0	7617.0	734.0	2232.0	-100.0	17.6	14.4	-0.8	81.8	-4.5	6.2	5.0	20.2	26.0	26.0	104.0	0.3	-86.0	0.0	-1.1
35	24051	989	7745	2507	23.8	19.4	81.5	35.0	23634.0	6403.0	7386.0	861.0	2232.0	-121.0	20.3	14.3	-0.9	70.4	-4.4	3.5	5.1	20.3	15.0	26.0	105.0	-11.1	-85.9	-0.1	-1.1
35	24051	989	7746	2507	23.8	19.4	81.5	35.0	23769.0	6542.0	7709.0	866.0	2259.0	-73.0	20.6	14.8	-0.6	71.8	-2.9	3.2	4.6	20.0	13.0	24.0	103.0	-9.7	-84.4	-0.1	-1.0
35	24051	989	7745	2507	23.8	19.4	81.5	35.0	23701.0	6495.0	7478.0	972.0	2232.0	-31.0	23.0	14.5	-0.2	63.0	-0.9	0.8	4.9	19.6	3.0	25.0	101.0	-18.5	-82.4	-0.2	-1.0
35	24051	989	7745	2507	23.8	19.4	81.5	35.0	23566.0	6634.0	7524.0	818.0	2210.0	-41.0	19.3	14.7	-0.3	76.2	-1.6	4.5	4.7	19.7	19.0	24.0	102.0	-5.3	-83.1	-0.1	-1.0
40	24051	1114	8941	2507	26.8	22.4	83.6	40.0	23566.0	7648.0	8861.0	982.0	2292.0	-52.0	23.1	17.5	-0.5	75.8	-2.2	3.7	4.9	22.9	14.0	22.0	102.0	-7.8	-85.8	-0.1	-1.0
40	24051	1114	8941	2507	26.8	22.4	83.6	40.0	23364.0	7556.0	8815.0	982.0	2194.0	-94.0	22.9	16.6	-0.8	72.5	-3.5	3.9	5.8	23.2	15.0	26.0	104.0	-11.1	-87.1	-0.1	-1.0
40	24051	1114	8941	2507	26.8	22.4	83.6	40.0	23634.0	7833.0	8861.0	1014.0	2330.0	-52.0	24.0	18.3	-0.5	76.2	-2.1	2.8	4.1	22.9	10.0	18.0	102.0	-7.4	-85.7	-0.1	-1.0
40	24051	1114	8941	2507	26.8	22.4	83.6	40.0	23634.0	7695.0	8907.0	961.0	2324.0	-84.0	22.7	17.9	-0.7	78.9	-3.1	4.1	4.5	23.1	15.0	20.0	103.0	-4.7	-86.7	-0.1	-1.0
40	24050	1114	8941	2507	26.8	22.4	83.6	40.0	23904.0	7602.0	8907.0	982.0	2373.0	-63.0	23.5	18.0	-0.6	76.6	-2.6	3.3	4.4	23.0	12.0	20.0	103.0	-7.0	-86.2	-0.1	-1.0
45	24052	1238	10139	2507	29.8	25.4	85.2	45.0	23431.0	8894.0	10105.0	1136.0	2281.0	-52.0	26.6	20.3	-0.5	76.3	-1.9	3.2	5.1	25.9	11.0	20.0	102.0	-8.9	-87.1	-0.1	-1.0
45	24052	1238	10139	2507	29.8	25.4	85.2	45.0	23634.0	8940.0	10013.0	1115.0	2346.0	-15.0	26.4	21.0	-0.2	79.5	-0.8	3.4	4.4	25.6	11.0	17.0	101.0	-5.7	-86.0	-0.1	-1.0
45	24052	1238	10139	2507	29.8	25.4	85.2	45.0	23431.0	8663.0	9921.0	1152.0	2248.0	-89.0	27.0	19.5	-0.9	72.2	-3.3	2.8	5.9	26.3	9.0	23.0	104.0	-13.0	-88.5	-0.2	-1.0
45	24052	1238	10139	2507	29.8	25.4	85.2	45.0	23836.0	8847.0	10059.0	1146.0	2292.0	-116.0	27.3	20.3	-1.2	74.4	-4.4	2.5	5.1	26.6	8.0	20.0	105.0	-10.8	-89.6	-0.1	-1.1
45	24052	1238	10139	2507	29.8	25.4	85.2	45.0	23634.0	8986.0	10059.0	1062.0	2270.0	-121.0	25.1	20.4	-1.2	81.3	-4.8	4.7	5.0	26.6	16.0	20.0	105.0	-3.9	-90.0	-0.0	-1.1
50	24053	1362	11337	2507	32.8	28.4	86.6	50.0	23566.0	10093.0	11166.0	1083.0	2314.0	-89.0	25.5	23.4	-1.0	91.8	-3.9	7.3	5.0	29.4	22.0	18.0	104.0	5.2	-90.5	0.1	-1.0
50	24054	1362	11337	2507	32.8	28.4	86.6	50.0	23499.0	9908.0	11119.0	1194.0	2270.0	17.0	28.1	22.5	0.2	80.1	0.7	4.7	5.9	28.2	14.0	21.0	99.0	-6.5	-85.9	-0.1	-1.0
50	24053	1362	11336	2507	32.8	28.4	86.6	50.0	23971.0	10047.0	10935.0	1215.0	2243.0	-63.0	29.1	22.5	-0.7	77.3	-2.4	3.7	5.9	29.1	11.0	21.0	102.0	-9.3	-89.0	-0.1	-1.0
50	24053	1362	11337	2507	32.8	28.4	86.6	50.0	23431.0	10277.0	11119.0	1236.0	2243.0	-15.0	29.0	23.1	-0.2	79.7	-0.7	3.8	5.3	28.6	12.0	19.0	101.0	-6.9	-87.3	-0.1	-1.0
50	24053	1362	11337	2507	32.8	28.4	86.6	50.0	23364.0	10093.0	11212.0	1242.0	2286.0	-31.0	29.0	23.1	-0.3	79.7	-1.0	3.8	5.3	28.7	12.0	19.0	101.0	-6.9	-87.6	-0.1	-1.0
55	24050	1487	12533	2507	35.8	31.4	87.7	55.00000000000001	23971.0	11384.0	12318.0	1242.0	2341.0	-148.0	29.8	26.6	-1.8	89.3	-6.0	6.0	4.8	33.2	17.0	15.0	106.0	1.6	-93.7	0.0	-1.1
55	24050	1487	12533	2507	35.8	31.4	87.7	55.00000000000001	23904.0	11153.0	12364.0	1474.0	2297.0	-100.0	35.2	25.6	-1.2	72.7	-3.4	0.6	5.8	32.6	2.0	18.0	104.0	-15.0	-91.1	-0.2	-1.0
55	24050	1487	12533	2507	35.8	31.4	87.7	55.00000000000001	23364.0	11384.0	12456.0	1437.0	2314.0	-9.0	33.6	26.3	-0.1	78.3	-0.3	2.2	5.1	31.5	6.0	16.0	100.0	-9.4	-88.0	-0.1	-1.0
55	24050	1487	12533	2507	35.8	31.4	87.7	55.00000000000001	23634.0	11107.0	12226.0	1247.0	2314.0	-68.0	29.5	25.7	-0.8	87.1	-2.7	6.3	5.7	32.2	18.0	18.0	103.0	-0.6	-90.4	-0.0	-1.0
55	24050	1487	12533	2507	35.8	31.4	87.7	55.00000000000001	23566.0	11292.0	12364.0	1342.0	2259.0	22.0	31.6	25.5	0.3	80.7	0.9	4.2	5.9	31.1	12.0	19.0	99.0	-7.0	-86.8	-0.1	-1.0
5	24057	238	593	2200	5.7	1.3	22.8	5.0	23904.0	-837.0	427.0	194.0	1798.0	-169.0	4.6	-1.5	-0.1	-32.6	-2.2	1.1	2.8	1.4	19.0	215.0	108.0	-55.4	-25.0	-2.4	-1.1
5	24057	238	593	2202	5.7	1.3	22.8	5.0	23499.0	-791.0	611.0	141.0	1960.0	-164.0	3.3	-1.6	-0.1	-48.5	-3.0	2.4	2.9	1.4	42.0	223.0	108.0	-71.3	-25.8	-3.1	-1.1
5	24057	238	593	2202	5.7	1.3	22.8	5.0	23971.0	-699.0	334.0	110.0	1879.0	-132.0	2.6	-1.3	-0.0	-50.0	-0.0	3.1	2.6	1.3	54.0	200.0	100.0	-72.8	-22.8	-3.2	-1.0
5	24057	238	593	2202	5.7	1.3	22.8	5.0	23634.0	-883.0	427.0	210.0	1803.0	-185.0	5.0	-1.6	-0.1	-32.0	-2.0	0.7	2.9	1.4	12.0	223.0	108.0	-54.8	-24.8	-2.4	-1.1
5	24057	238	592	2202	5.7	1.3	22.8	5.0	23431.0	-791.0	473.0	162.0	1895.0	-195.0	3.8	-1.5	-0.1	-39.5	-2.6	1.9	2.8	1.4	33.0	215.0	108.0	-62.3	-25.4	-2.7	-1.1
10	24054	458	1665	3510	11.0	5.8	52.7	10.0	23566.0	638.0	1579.0	289.0	3221.0	-275.0	6.8	2.1	-0.4	30.9	-5.9	4.2	3.7	6.2	38.0	64.0	107.0	-21.8	-58.6	-0.4	-1.1
10	24054	458	1665	3510	11.0	5.8	52.7	10.0	23431.0	85.0	1533.0	385.0	3156.0	-179.0	9.0	0.3	-0.3	3.3	-3.3	2.0	5.5	6.1	18.0	95.0	105.0	-49.4	-56.0	-0.9	-1.1
10	24054	458	1665	3510	11.0	5.8	52.7	10.0	23566.0	408.0	1671.0	406.0	3215.0	-291.0	9.6	1.3	-0.5	13.5	-5.2	1.4	4.5	6.3	13.0	78.0	109.0	-39.2	-57.9	-0.7	-1.1
10	24054	458	1665	3510	11.0	5.8	52.7	10.0	23296.0	270.0	1441.0	332.0	3194.0	-270.0	7.7	0.9	-0.4	11.7	-5.2	3.3	4.9	6.2	30.0	84.0	107.0	-41.0	-57.9	-0.8	-1.1
10	24054	458	1665	3510	11.0	5.8	52.7	10.0	23701.0	408.0	1487.0	363.0	3188.0	-275.0	8.6	1.3	-0.4	15.1	-4.7	2.4	4.5	6.2	22.0	78.0	107.0	-37.6	-57.4	-0.7	-1.1
15	24053	630	2862	3510	15.2	10.0	65.8	15.0	23431.0	1515.0	2869.0	501.0	3145.0	-179.0	11.7	4.8	-0.5	41.0	-4.3	3.5	5.2	10.5	23.0	52.0	105.0	-24.8	-70.1	-0.4	-1.1
15	24053	630	2862	3510	15.2	10.0	65.8	15.0	23364.0	1607.0	2915.0	559.0	3150.0	-179.0	13.1	5.1	-0.5	38.9	-3.8	2.1	4.9	10.5	14.0	49.0	105.0	-26.9	-69.6	-0.4	-1.1
15	24053	630	2862	3510	15.2	10.0	65.8	15.0	23769.0	1699.0	2823.0	422.0	3210.0	-270.0	10.0	5.5	-0.8	55.0	-8.0	5.2	4.5	10.8	34.0	45.0	108.0	-10.8	-73.8	-0.2	-1.1
15	24054	630	2862	3510	15.2	10.0	65.8	15.0	23364.0	1699.0	2823.0	549.0	3221.0	-185.0	12.8	5.5	-0.5	43.0	-3.9	2.4	4.5	10.5	16.0	45.0	105.0	-22.8	-69.7	-0.3	-1.1
15	24054	630	2862	3510	15.2	10.0	65.8	15.0	23769.0	1422.0	2639.0	543.0	3232.0	-174.0	12.9	4.6	-0.5	35.7	-3.9	2.3	5.4	10.5	15.0	54.0	105.0	-30.1	-69.7	-0.5	-1.1
20	24053	803	4058	3510	19.3	14.2	73.6	20.0	23364.0	2622.0	4068.0	633.0	3215.0	-78.0	14.8	8.4	-0.3	56.8	-2.0	4.5	5.8	14.5	23.0	41.0	102.0	-16.8	-75.6	-0.2	-1.0
20	24054	803	4058	3510	19.3	14.2	73.6	20.0	23566.0	2991.0	4252.0	739.0	3183.0	-169.0	17.4	9.5	-0.7	54.6	-4.0	1.9	4.7	14.9	10.0	33.0	105.0	-19.0	-77.6	-0.3	-1.1
20	24054	803	4058	3510	19.3	14.2	73.6	20.0	23566.0	2991.0	4068.0	623.0	3150.0	-142.0	14.7	9.4	-0.6	63.9	-4.1	4.6	4.8	14.8	24.0	34.0	104.0	-9.7	-77.7	-0.1	-1.1
20	24054	803	4058	3510	19.3	14.2	73.6	20.0	23769.0	2760.0	4022.0	691.0	3215.0	-164.0	16.4	8.9	-0.7	54.3	-4.3	2.9	5.3	14.9	15.0	37.0	105.0	-19.3	-77.9	-0.3	-1.1
20	24054	803	4058	3510	19.3	14.2	73.6	20.0	23634.0	2714.0	3883.0	760.0	3221.0	-89.0	18.0	8.7	-0.3	48.3	-1.7	1.3	5.5	14.5	7.0	39.0	102.0	-25.3	-75.3	-0.3	-1.0
25	24050	977	5253	3510	23.5	18.4	78.3	25.0	23701.0	3959.0	5174.0	871.0	3156.0	-158.0	20.6	12.5	-0.8	60.7	-3.9	2.9	5.9	19.2	12.0	32.0	104.0	-17.6	-82.2	-0.2	-1.0
25	24049	977	5253	3510	23.5	18.4	78.3	25.0	23499.0	4051.0	5220.0	797.0	3226.0	-142.0	18.7	13.1	-0.7	70.1	-3.7	4.8	5.3	19.1	20.0	29.0	104.0	-8.2	-82.0	-0.1	-1.0
25	24050	977	5253	3510	23.5	18.4	78.3	25.0	23566.0	4051.0	5220.0	903.0	3221.0	-73.0	21.3	13.0	-0.4	61.0	-1.9	2.2	5.4	18.8	9.0	29.0	102.0	-17.3	-80.2	-0.2	-1.0
25	24049	977	5253	3510	23.5	18.4	78.3	25.0	23364.0	4051.0	5220.0	776.0	3226.0	-116.0	18.1	13.1	-0.6	72.4	-3.3	5.4	5.3	19.0	23.0	29.0	103.0	-5.9	-81.6	-0.1	-1.0
25	24049	977	5253	3510	23.5	18.4	78.3	25.0	23904.0	4005.0	5128.0	855.0	3302.0	-195.0	20.4	13.2	-1.0	64.7	-4.9	3.1	5.2	19.4	13.0	28.0	105.0	-13.6	-83.2	-0.2	-1.1
30	24050	1151	6448	3510	27.7	22.6	81.6	30.0	23499.0	5020.0	6326.0	998.0	3221.0	-126.0	23.5	16.2	-0.8	68.9	-3.4	4.2	6.4	23.4	15.0	28.0	104.0	-12.7	-85.0	-0.2	-1.0
30	24050	1151	6448	3510	27.7	22.6	81.6	30.0	23836.0	5250.0	6372.0	977.0	3183.0	-100.0	23.3	16.7	-0.6	71.7	-2.6	4.4	5.9	23.2	16.0	26.0	103.0	-9.9	-84.2	-0.1	-1.0
30	24050	1151	6448	3510	27.7	22.6	81.6	30.0	23634.0	5250.0	6326.0	1088.0	3297.0	1.0	25.7	17.3	0.0	67.3	0.0	2.0	5.3	22.6	7.0	23.0	100.0	-14.3	-81.6	-0.2	-1.0
30	24050	1151	6448	3510	27.7	22.6	81.6	30.0	23431.0	5112.0	6418.0	1072.0	3237.0	-142.0	25.1	16.5	-0.9	65.7	-3.6	2.6	6.1	23.5	9.0	27.0	104.0	-15.9	-85.2	-0.2	-1.0
30	24050	1151	6448	3510	27.7	22.6	81.6	30.0	23566.0	5250.0	6418.0	1025.0	3259.0	-132.0	24.2	17.1	-0.8	70.7	-3.3	3.5	5.5	23.4	13.0	24.0	104.0	-10.9	-84.9	-0.1	-1.0
35	24054	1326	7645	3510	31.9	26.8	84.0	35.0	23431.0	6311.0	7478.0	1242.0	3264.0	-158.0	29.1	20.6	-1.2	70.8	-4.1	2.8	6.2	28.0	9.0	23.0	104.0	-13.2	-88.1	-0.2	-1.0
35	24054	1326	7645	3510	31.9	26.8	84.0	35.0	23499.0	6357.0	7755.0	1120.0	3275.0	-132.0	26.3	20.8	-1.0	79.1	-3.8	5.6	6.0	27.8	18.0	22.0	104.0	-4.9	-87.8	-0.1	-1.0
35	24054	1326	7645	3510	31.9	26.8	84.0	35.0	23229.0	6265.0	7432.0	1115.0	3253.0	-31.0	25.9	20.4	-0.2	78.8	-0.8	6.0	6.4	27.0	19.0	24.0	101.0	-5.2	-84.8	-0.1	-1.0
35	24054	1326	7645	3510	31.9	26.8	84.0	35.0	23634.0	6265.0	7663.0	1152.0	3210.0	-116.0	27.2	20.1	-0.9	73.9	-3.3	4.7	6.7	27.7	15.0	25.0	103.0	-10.1	-87.3	-0.1	-1.0
35	24054	1326	7645	3510	31.9	26.8	84.0	35.0	23971.0	6265.0	7478.0	1236.0	3356.0	-47.0	29.6	21.0	-0.4	70.9	-1.4	2.3	5.8	27.2	7.0	22.0	101.0	-13.1	-85.4	-0.2	-1.0
40	24048	1500	8837	3510	36.1	31.0	85.9	40.0	23904.0	7787.0	8907.0	1411.0	3286.0	-41.0	33.7	25.6	-0.4	76.0	-1.2	2.4	5.4	31.4	7.0	17.0	101.0	-9.9	-87.1	-0.1	-1.0
40	24048	1500	8837	3510	36.1	31.0	85.9	40.0	23431.0	7418.0	8723.0	1384.0	3356.0	-47.0	32.4	24.9	-0.4	76.9	-1.2	3.7	6.1	31.4	10.0	20.0	101.0	-9.0	-87.1	-0.1	-1.0
40	24048	1500	8837	3510	36.1	31.0	85.9	40.0	23701.0	7602.0	8907.0	1279.0	3329.0	-137.0	30.3	25.3	-1.2	83.5	-4.0	5.8	5.7	32.2	16.0	18.0	104.0	-2.4	-89.9	-0.0	-1.0
40	24048	1500	8837	3510	36.1	31.0	85.9	40.0	23701.0	7418.0	8631.0	1427.0	3259.0	-36.0	33.8	24.2	-0.3	71.6	-0.9	2.3	6.8	31.3	6.0	22.0	101.0	-14.3	-86.8	-0.2	-1.0
40	24048	1500	8837	3510	36.1	31.0	85.9	40.0	23701.0	7464.0	8861.0	1300.0	3280.0	-116.0	30.8	24.5	-1.0	79.5	-3.2	5.3	6.5	32.0	15.0	21.0	103.0	-6.4	-89.1	-0.1	-1.0
45	24050	1675	10033	3510	40.3	35.2	87.3	45.0	23566.0	8801.0	9921.0	1585.0	3367.0	-63.0	37.4	29.6	-0.6	79.1	-1.6	2.9	5.6	35.8	7.0	16.0	102.0	-8.2	-88.9	-0.1	-1.0
45	24051	1674	10033	3510	40.3	35.2	87.3	45.0	23364.0	8847.0	9875.0	1501.0	3264.0	-94.0	35.1	28.9	-0.9	82.3	-2.6	5.2	6.3	36.1	13.0	18.0	103.0	-5.0	-89.9	-0.1	-1.0
45	24050	1675	10033	3510	40.3	35.2	87.3	45.0	23634.0	8894.0	9829.0	1538.0	3280.0	-68.0	36.3	29.2	-0.7	80.4	-1.9	4.0	6.0	35.9	10.0	17.0	102.0	-6.9	-89.2	-0.1	-1.0
45	24050	1674	10033	3510	40.3	35.2	87.3	45.0	23364.0	8847.0	9921.0	1543.0	3275.0	-41.0	36.1	29.0	-0.4	80.3	-1.1	4.2	6.2	35.6	10.0	18.0	101.0	-7.0	-88.4	-0.1	-1.0
45	24050	1675	10033	3510	40.3	35.2	87.3	45.0	23836.0	8894.0	9967.0	1522.0	3275.0	-94.0	36.3	29.1	-0.9	80.2	-2.5	4.0	6.1	36.1	10.0	17.0	103.0	-7.1	-89.8	-0.1	-1.0
50	24053	1848	11230	3510	44.4	39.4	88.7	50.0	23566.0	10093.0	11212.0	1718.0	3346.0	-9.0	40.5	33.8	-0.1	83.5	-0.2	3.9	5.6	39.5	9.0	14.0	100.0	-5.2	-88.9	-0.1	-1.0
50	24053	1849	11230	3510	44.5	39.4	88.5	50.0	23836.0	10047.0	11073.0	1612.0	3199.0	-84.0	38.4	32.1	-0.9	83.6	-2.3	6.1	7.3	40.3	14.0	19.0	102.0	-4.9	-90.8	-0.1	-1.0
50	24053	1848	11230	3510	44.4	39.4	88.7	50.0	23431.0	9954.0	11212.0	1644.0	3318.0	-116.0	38.5	33.0	-1.3	85.7	-3.4	5.9	6.4	40.7	13.0	16.0	103.0	-3.0	-92.1	-0.0	-1.0
50	24053	1848	11230	3510	44.4	39.4	88.7	50.0	23769.0	10139.0	11212.0	1697.0	3134.0	-89.0	40.3	31.8	-1.0	78.9	-2.5	4.1	7.6	40.4	9.0	19.0	103.0	-9.8	-91.2	-0.1	-1.0
50	24053	1849	11230	3510	44.5	39.4	88.5	50.0	23566.0	10000.0	11166.0	1617.0	3308.0	-89.0	38.1	33.1	-1.0	86.9	-2.6	6.4	6.3	40.4	14.0	16.0	103.0	-1.6	-91.1	-0.0	-1.0
55	24049	2022	12425	3510	48.6	43.6	89.7	55.00000000000001	23904.0	11246.0	12364.0	1935.0	3280.0	-84.0	46.3	36.9	-1.0	79.7	-2.2	2.3	6.7	44.6	5.0	15.0	102.0	-10.0	-91.9	-0.1	-1.0
55	24049	2022	12425	3510	48.6	43.6	89.7	55.00000000000001	23904.0	11200.0	12594.0	1818.0	3275.0	-47.0	43.5	36.7	-0.6	84.4	-1.4	5.1	6.9	44.2	10.0	16.0	101.0	-5.3	-91.1	-0.1	-1.0
55	24049	2022	12425	3510	48.6	43.6	89.7	55.00000000000001	23634.0	11015.0	12410.0	1834.0	3237.0	-73.0	43.3	35.7	-0.9	82.4	-2.1	5.3	7.9	44.5	11.0	18.0	102.0	-7.3	-91.8	-0.1	-1.0
55	24049	2023	12425	3510	48.7	43.6	89.5	55.00000000000001	23701.0	11338.0	12272.0	1839.0	3302.0	-63.0	43.6	37.4	-0.8	85.8	-1.8	5.1	6.2	44.4	10.0	14.0	102.0	-3.7	-91.3	-0.0	-1.0
55	24049	2022	12425	3510	48.6	43.6	89.7	55.00000000000001	23364.0	11107.0	12364.0	1829.0	3378.0	-100.0	42.7	37.5	-1.2	87.8	-2.8	5.9	6.1	44.8	12.0	14.0	103.0	-1.9	-92.5	-0.0	-1.0
5	24057	238	593	2192	5.7	1.3	22.8	5.0	23904.0	-653.0	473.0	141.0	1993.0	-169.0	3.4	-1.3	-0.1	-38.2	-2.9	2.3	2.6	1.4	40.0	200.0	108.0	-61.0	-25.7	-2.7	-1.1
5	24056	238	593	2192	5.7	1.3	22.8	5.0	23364.0	-930.0	565.0	157.0	1830.0	-275.0	3.7	-1.7	-0.2	-45.9	-5.4	2.0	3.0	1.5	35.0	231.0	115.0	-68.7	-28.2	-3.0	-1.2
5	24057	238	593	2193	5.7	1.3	22.8	5.0	23364.0	-791.0	519.0	168.0	1912.0	-249.0	3.9	-1.5	-0.1	-38.5	-2.6	1.8	2.8	1.4	32.0	215.0	108.0	-61.3	-25.4	-2.7	-1.1
5	24057	238	593	2194	5.7	1.3	22.8	5.0	23634.0	-883.0	427.0	141.0	1868.0	-126.0	3.3	-1.6	-0.1	-48.5	-3.0	2.4	2.9	1.4	42.0	223.0	108.0	-71.3	-25.8	-3.1	-1.1
5	24056	238	592	2194	5.7	1.3	22.8	5.0	23701.0	-1160.0	380.0	226.0	1721.0	-211.0	5.4	-2.0	-0.1	-37.0	-1.9	0.3	3.3	1.4	5.0	254.0	108.0	-59.8	-24.7	-2.6	-1.1
10	24053	545	1576	4513	13.1	7.1	54.2	10.0	23431.0	316.0	1441.0	443.0	4171.0	-318.0	10.4	1.3	-0.5	12.5	-4.8	2.7	5.8	7.6	21.0	82.0	107.0	-41.7	-59.0	-0.8	-1.1
10	24053	545	1575	4513	13.1	7.1	54.2	10.0	23161.0	546.0	1671.0	559.0	4193.0	-243.0	12.9	2.3	-0.4	17.8	-3.1	0.2	4.8	7.5	2.0	68.0	106.0	-36.4	-57.3	-0.7	-1.1
10	24053	545	1575	4513	13.1	7.1	54.2	10.0	23836.0	408.0	1671.0	527.0	4139.0	-195.0	12.6	1.7	-0.3	13.5	-2.4	0.5	5.4	7.4	4.0	76.0	104.0	-40.7	-56.6	-0.8	-1.0
10	24053	545	1575	4513	13.1	7.1	54.2	10.0	23701.0	454.0	1487.0	432.0	4193.0	-302.0	10.2	1.9	-0.4	18.6	-3.9	2.9	5.2	7.5	22.0	73.0	106.0	-35.6	-58.1	-0.7	-1.1
10	24053	545	1575	4513	13.1	7.1	54.2	10.0	23499.0	39.0	1671.0	464.0	4236.0	-323.0	10.9	0.2	-0.5	1.8	-4.6	2.2	6.9	7.6	17.0	97.0	107.0	-52.4	-58.8	-1.0	-1.1
15	24055	767	2771	4513	18.5	12.5	67.6	15.0	23499.0	1515.0	2731.0	633.0	4220.0	-243.0	14.9	6.4	-0.7	43.0	-4.7	3.6	6.1	13.2	19.0	49.0	106.0	-24.6	-72.3	-0.4	-1.1
15	24055	767	2771	4513	18.5	12.5	67.6	15.0	23431.0	1376.0	2915.0	702.0	4171.0	-195.0	16.4	5.7	-0.6	34.8	-3.7	2.1	6.8	13.1	11.0	54.0	105.0	-32.8	-71.3	-0.5	-1.1
15	24055	767	2771	4513	18.5	12.5	67.6	15.0	23566.0	1515.0	2823.0	654.0	4193.0	-243.0	15.4	6.4	-0.7	41.6	-4.5	3.1	6.1	13.2	17.0	49.0	106.0	-26.0	-72.1	-0.4	-1.1
15	24055	767	2771	4513	18.5	12.5	67.6	15.0	23364.0	1146.0	2823.0	575.0	4166.0	-201.0	13.4	4.8	-0.6	35.8	-4.5	5.1	7.7	13.1	28.0	62.0	105.0	-31.8	-72.1	-0.5	-1.1
15	24055	767	2771	4513	18.5	12.5	67.6	15.0	23904.0	1515.0	2915.0	612.0	4133.0	-195.0	14.6	6.3	-0.6	43.2	-4.1	3.9	6.2	13.1	21.0	50.0	105.0	-24.4	-71.7	-0.4	-1.1
20	24051	990	3965	4513	23.8	17.9	75.2	20.0	23566.0	2760.0	4022.0	787.0	4220.0	-158.0	18.5	11.6	-0.6	62.7	-3.2	5.3	6.3	18.5	22.0	35.0	103.0	-12.5	-78.4	-0.2	-1.0
20	24051	990	3965	4514	23.8	17.9	75.2	20.0	23634.0	2714.0	3745.0	924.0	4177.0	-195.0	21.8	11.3	-0.7	51.8	-3.2	2.0	6.6	18.6	8.0	37.0	104.0	-23.4	-78.4	-0.3	-1.0
20	24051	990	3965	4514	23.8	17.9	75.2	20.0	23296.0	2575.0	3791.0	882.0	4182.0	-153.0	20.5	10.8	-0.6	52.7	-2.9	3.3	7.1	18.5	14.0	40.0	103.0	-22.5	-78.1	-0.3	-1.0
20	24051	990	3965	4514	23.8	17.9	75.2	20.0	23769.0	2852.0	4114.0	914.0	4198.0	-233.0	21.7	12.0	-1.0	55.3	-4.6	2.1	5.9	18.9	9.0	33.0	106.0	-19.9	-79.8	-0.3	-1.1
20	24051	990	3965	4513	23.8	17.9	75.2	20.0	23566.0	2622.0	3791.0	914.0	4193.0	-164.0	21.5	11.0	-0.6	51.2	-2.8	2.3	6.9	18.5	10.0	39.0	103.0	-24.0	-78.0	-0.3	-1.0
25	24051	1214	5160	4514	29.2	23.3	79.8	25.0	23634.0	4005.0	5220.0	1072.0	4209.0	-249.0	25.3	16.9	-1.3	66.8	-5.1	3.9	6.4	24.6	13.0	27.0	106.0	-13.0	-84.9	-0.2	-1.1
25	24050	1214	5160	4514	29.2	23.3	79.8	25.0	23431.0	4097.0	5312.0	1130.0	4258.0	-94.0	26.5	17.4	-0.5	65.7	-1.9	2.7	5.9	23.8	9.0	25.0	102.0	-14.1	-81.7	-0.2	-1.0
25	24050	1214	5160	4514	29.2	23.3	79.8	25.0	23701.0	3913.0	5036.0	1025.0	4242.0	-174.0	24.3	16.6	-0.9	68.3	-3.7	4.9	6.7	24.2	17.0	29.0	104.0	-11.5	-83.5	-0.1	-1.0
25	24050	1214	5160	4514	29.2	23.3	79.8	25.0	23904.0	4005.0	5128.0	1162.0	4204.0	-179.0	27.8	16.8	-0.9	60.4	-3.2	1.4	6.5	24.2	5.0	28.0	104.0	-19.4	-83.0	-0.2	-1.0
25	24050	1214	5159	4514	29.2	23.3	79.8	25.0	23769.0	3775.0	4943.0	1019.0	4209.0	-169.0	24.2	15.9	-0.8	65.7	-3.3	5.0	7.4	24.1	17.0	32.0	103.0	-14.1	-83.1	-0.2	-1.0
30	24048	1438	6352	4514	34.6	28.7	82.9	30.0	23701.0	5112.0	6372.0	1294.0	4269.0	-174.0	30.7	21.8	-1.1	71.0	-3.6	3.9	6.9	29.8	11.0	24.0	104.0	-11.9	-86.5	-0.1	-1.0
30	24048	1438	6352	4514	34.6	28.7	82.9	30.0	23769.0	5112.0	6510.0	1363.0	4231.0	-201.0	32.4	21.6	-1.3	66.7	-4.0	2.2	7.1	30.0	6.0	25.0	105.0	-16.2	-86.9	-0.2	-1.0
30	24048	1438	6352	4514	34.6	28.7	82.9	30.0	23566.0	5112.0	6557.0	1300.0	4209.0	-164.0	30.6	21.5	-1.1	70.3	-3.6	4.0	7.2	29.8	12.0	25.0	104.0	-12.6	-86.5	-0.2	-1.0
30	24048	1438	6352	4514	34.6	28.7	82.9	30.0	23431.0	5112.0	6372.0	1236.0	4226.0	-105.0	29.0	21.6	-0.7	74.5	-2.4	5.6	7.1	29.4	16.0	25.0	102.0	-8.4	-85.3	-0.1	-1.0
30	24048	1438	6352	4514	34.6	28.7	82.9	30.0	23431.0	5020.0	6372.0	1294.0	4242.0	-110.0	30.3	21.3	-0.7	70.3	-2.3	4.3	7.4	29.4	12.0	26.0	102.0	-12.6	-85.2	-0.2	-1.0
35	24050	1663	7546	4514	40.0	34.1	85.2	35.0	23364.0	6127.0	7617.0	1490.0	4280.0	-164.0	34.8	26.2	-1.2	75.3	-3.4	5.2	7.9	35.3	13.0	23.0	104.0	-9.9	-88.6	-0.1	-1.0
35	24050	1663	7546	4514	40.0	34.1	85.2	35.0	23364.0	6357.0	7571.0	1427.0	4209.0	-211.0	33.3	26.8	-1.6	80.5	-4.8	6.7	7.3	35.7	17.0	21.0	105.0	-4.7	-90.0	-0.1	-1.1
35	24050	1663	7546	4514	40.0	34.1	85.2	35.0	23701.0	6311.0	7663.0	1480.0	4139.0	-121.0	35.1	26.1	-0.9	74.4	-2.6	4.9	8.0	35.0	12.0	23.0	103.0	-10.8	-87.8	-0.1	-1.0
35	24050	1663	7546	4514	40.0	34.1	85.2	35.0	23431.0	6311.0	7755.0	1591.0	4302.0	-164.0	37.3	27.1	-1.3	72.7	-3.5	2.7	7.0	35.4	7.0	21.0	104.0	-12.5	-88.7	-0.1	-1.0
35	24050	1663	7546	4514	40.0	34.1	85.2	35.0	23431.0	6219.0	7478.0	1527.0	4182.0	-100.0	35.8	26.0	-0.7	72.6	-2.0	4.2	8.1	34.8	11.0	24.0	102.0	-12.6	-87.2	-0.1	-1.0
40	24053	1887	8740	4514	45.4	39.5	87.0	40.0	23431.0	7418.0	8677.0	1765.0	4367.0	-148.0	41.4	32.4	-1.3	78.3	-3.1	4.0	7.1	40.8	9.0	18.0	103.0	-8.7	-90.1	-0.1	-1.0
40	24053	1887	8740	4514	45.4	39.5	87.0	40.0	23769.0	7556.0	8815.0	1654.0	4177.0	1.0	39.3	31.6	0.0	80.4	0.0	6.1	7.9	39.5	13.0	20.0	100.0	-6.6	-87.0	-0.1	-1.0
40	24053	1887	8740	4514	45.4	39.5	87.0	40.0	23836.0	7418.0	8815.0	1744.0	4329.0	-158.0	41.6	32.1	-1.4	77.2	-3.4	3.8	7.4	40.9	8.0	19.0	104.0	-9.8	-90.4	-0.1	-1.0
40	24053	1887	8740	4514	45.4	39.5	87.0	40.0	23836.0	7602.0	8861.0	1734.0	4193.0	-158.0	41.3	31.9	-1.4	77.2	-3.4	4.1	7.6	40.9	9.0	19.0	104.0	-9.8	-90.4	-0.1	-1.0
40	24053	1887	8740	4514	45.4	39.5	87.0	40.0	23904.0	7418.0	8907.0	1654.0	4302.0	-179.0	39.5	31.9	-1.6	80.8	-4.1	5.9	7.6	41.1	13.0	19.0	104.0	-6.2	-91.1	-0.1	-1.0
45	24048	2111	9932	4514	50.8	44.8	88.2	45.0	23431.0	8617.0	10105.0	1913.0	4361.0	-110.0	44.8	37.6	-1.1	83.9	-2.5	6.0	7.2	45.9	12.0	16.0	102.0	-4.3	-90.7	-0.0	-1.0
45	24048	2111	9932	4514	50.8	44.8	88.2	45.0	23769.0	8755.0	10059.0	1972.0	4329.0	-137.0	46.9	37.9	-1.4	80.8	-3.0	3.9	6.9	46.2	8.0	15.0	103.0	-7.4	-91.2	-0.1	-1.0
45	24048	2111	9932	4514	50.8	44.8	88.2	45.0	23769.0	8894.0	9875.0	1972.0	4318.0	-148.0	46.9	38.4	-1.5	81.9	-3.2	3.9	6.4	46.3	8.0	14.0	103.0	-6.3	-91.4	-0.1	-1.0
45	24048	2111	9932	4514	50.8	44.8	88.2	45.0	23769.0	8755.0	10198.0	1834.0	4356.0	-94.0	43.6	38.1	-1.0	87.4	-2.3	7.2	6.7	45.8	14.0	15.0	102.0	-0.8	-90.5	-0.0	-1.0
45	24048	2111	9932	4514	50.8	44.8	88.2	45.0	23296.0	8617.0	10059.0	1998.0	4264.0	-105.0	46.5	36.7	-1.1	78.9	-2.4	4.3	8.1	45.9	8.0	18.0	102.0	-9.3	-90.6	-0.1	-1.0
50	24056	2334	11130	4514	56.1	50.2	89.5	50.0	23836.0	9908.0	11212.0	2167.0	4340.0	-84.0	51.7	43.0	-0.9	83.2	-1.7	4.4	7.2	51.1	8.0	14.0	102.0	-6.3	-91.2	-0.1	-1.0
50	24056	2334	11130	4514	56.1	50.2	89.5	50.0	23634.0	9862.0	11258.0	2173.0	4307.0	-148.0	51.4	42.5	-1.7	82.7	-3.3	4.7	7.7	51.9	8.0	15.0	103.0	-6.8	-92.8	-0.1	-1.0
50	24055	2334	11130	4514	56.1	50.2	89.5	50.0	23499.0	10000.0	11212.0	2183.0	4193.0	-63.0	51.3	41.9	-0.7	81.7	-1.4	4.8	8.3	50.9	9.0	17.0	101.0	-7.8	-90.9	-0.1	-1.0
50	24055	2334	11130	4514	56.1	50.2	89.5	50.0	23566.0	10000.0	11212.0	2167.0	4258.0	-137.0	51.1	42.6	-1.5	83.4	-2.9	5.0	7.6	51.7	9.0	15.0	103.0	-6.1	-92.4	-0.1	-1.0
50	24055	2335	11130	4514	56.2	50.2	89.3	50.0	23634.0	10047.0	11212.0	2183.0	4242.0	-9.0	51.6	42.6	-0.1	82.6	-0.2	4.6	7.6	50.3	8.0	15.0	100.0	-6.7	-89.5	-0.1	-1.0
55	24055	2558	12325	4514	61.5	55.6	90.4	55.00000000000001	23634.0	11061.0	12456.0	2300.0	4231.0	-132.0	54.4	46.8	-1.6	86.0	-2.9	7.1	8.8	57.2	12.0	16.0	103.0	-4.4	-93.3	-0.0	-1.0
55	24055	2558	12325	4514	61.5	55.6	90.4	55.00000000000001	23769.0	11107.0	12548.0	2358.0	4236.0	-57.0	56.0	47.0	-0.7	83.9	-1.2	5.5	8.6	56.3	9.0	15.0	101.0	-6.5	-91.6	-0.1	-1.0
55	24055	2558	12325	4514	61.5	55.6	90.4	55.00000000000001	23364.0	11107.0	12410.0	2315.0	4247.0	-164.0	54.1	47.2	-2.0	87.2	-3.7	7.4	8.4	57.6	12.0	15.0	104.0	-3.2	-94.1	-0.0	-1.0
55	24055	2558	12325	4514	61.5	55.6	90.4	55.00000000000001	23296.0	11107.0	12594.0	2421.0	4269.0	-211.0	56.4	47.4	-2.7	84.0	-4.8	5.1	8.2	58.3	8.0	15.0	105.0	-6.4	-95.2	-0.1	-1.1
55	24055	2558	12325	4514	61.5	55.6	90.4	55.00000000000001	23769.0	11015.0	12272.0	2501.0	4204.0	-84.0	59.4	46.3	-1.0	77.9	-1.7	2.1	9.3	56.6	3.0	17.0	102.0	-12.5	-92.1	-0.1	-1.0
5	24056	238	593	2181	5.7	1.3	22.8	5.0	23634.0	-976.0	473.0	62.0	1825.0	-217.0	1.5	-1.8	-0.1	-120.0	-6.7	4.2	3.1	1.4	74.0	238.0	108.0	-142.8	-29.5	-6.3	-1.3
5	24056	238	593	2182	5.7	1.3	22.8	5.0	23971.0	-791.0	473.0	120.0	1906.0	-142.0	2.9	-1.5	-0.1	-51.7	-3.4	2.8	2.8	1.4	49.0	215.0	108.0	-74.5	-26.2	-3.3	-1.1
5	24056	238	593	2183	5.7	1.3	22.8	5.0	24039.0	-699.0	380.0	168.0	1874.0	-201.0	4.0	-1.3	-0.1	-32.5	-2.5	1.7	2.6	1.4	30.0	200.0	108.0	-55.3	-25.3	-2.4	-1.1
5	24056	238	593	2184	5.7	1.3	22.8	5.0	23971.0	-1022.0	565.0	157.0	1819.0	-211.0	3.8	-1.9	-0.1	-50.0	-2.6	1.9	3.2	1.4	33.0	246.0	108.0	-72.8	-25.4	-3.2	-1.1
5	24056	238	593	2183	5.7	1.3	22.8	5.0	23836.0	-745.0	427.0	168.0	1803.0	-116.0	4.0	-1.3	-0.0	-32.5	-0.0	1.7	2.6	1.3	30.0	200.0	100.0	-55.3	-22.8	-2.4	-1.0
10	24052	624	1495	5427	15.0	8.1	54.0	10.0	23701.0	223.0	1348.0	570.0	5127.0	-280.0	13.5	1.1	-0.4	8.1	-3.0	1.5	7.0	8.5	10.0	86.0	105.0	-45.9	-57.0	-0.8	-1.1
10	24052	624	1495	5425	15.0	8.1	54.0	10.0	23566.0	270.0	1487.0	601.0	5106.0	-249.0	14.2	1.4	-0.4	9.9	-2.8	0.8	6.7	8.5	5.0	83.0	105.0	-44.1	-56.8	-0.8	-1.1
10	24052	624	1494	5424	15.0	8.1	54.0	10.0	23701.0	316.0	1394.0	538.0	5095.0	-355.0	12.8	1.6	-0.5	12.5	-3.9	2.2	6.5	8.6	15.0	80.0	106.0	-41.5	-57.9	-0.8	-1.1
10	24053	624	1494	5423	15.0	8.1	54.0	10.0	23566.0	270.0	1533.0	406.0	5149.0	-249.0	9.6	1.4	-0.4	14.6	-4.2	5.4	6.7	8.5	36.0	83.0	105.0	-39.4	-58.2	-0.7	-1.1
10	24052	624	1493	5422	15.0	8.1	54.0	10.0	23634.0	223.0	1394.0	538.0	5111.0	-318.0	12.7	1.1	-0.4	8.7	-3.1	2.3	7.0	8.5	15.0	86.0	105.0	-45.3	-57.1	-0.8	-1.1
15	24049	904	2680	5517	21.7	14.8	68.2	15.0	23836.0	1422.0	2685.0	713.0	5144.0	-201.0	17.0	7.3	-0.5	42.9	-2.9	4.7	7.5	15.3	22.0	51.0	103.0	-25.3	-71.1	-0.4	-1.0
15	24049	904	2680	5517	21.7	14.8	68.2	15.0	23499.0	1330.0	2731.0	850.0	5171.0	-275.0	20.0	6.9	-0.8	34.5	-4.0	1.7	7.9	15.6	8.0	53.0	105.0	-33.7	-72.2	-0.5	-1.1
15	24049	904	2680	5517	21.7	14.8	68.2	15.0	23769.0	1515.0	2685.0	866.0	5198.0	-243.0	20.6	7.9	-0.7	38.3	-3.4	1.1	6.9	15.5	5.0	47.0	105.0	-29.9	-71.6	-0.4	-1.0
15	24049	904	2680	5517	21.7	14.8	68.2	15.0	23431.0	1515.0	2915.0	808.0	5111.0	-179.0	18.9	7.7	-0.5	40.7	-2.6	2.8	7.1	15.3	13.0	48.0	103.0	-27.5	-70.8	-0.4	-1.0
15	24049	904	2680	5517	21.7	14.8	68.2	15.0	23769.0	1469.0	2915.0	797.0	5171.0	-217.0	18.9	7.6	-0.6	40.2	-3.2	2.8	7.2	15.4	13.0	49.0	104.0	-28.0	-71.4	-0.4	-1.0
20	24051	1177	3873	5517	28.3	21.4	75.6	20.0	23701.0	2437.0	3883.0	1130.0	5220.0	-249.0	26.8	12.7	-1.0	47.4	-3.7	1.5	8.7	22.4	5.0	41.0	105.0	-28.2	-79.3	-0.4	-1.0
20	24051	1177	3873	5517	28.3	21.4	75.6	20.0	23701.0	2575.0	4114.0	998.0	5171.0	-307.0	23.7	13.3	-1.3	56.1	-5.5	4.6	8.1	22.7	16.0	38.0	106.0	-19.5	-81.1	-0.3	-1.1
20	24051	1177	3873	5518	28.3	21.4	75.6	20.0	23499.0	2529.0	4068.0	1072.0	5084.0	-179.0	25.2	12.9	-0.7	51.2	-2.8	3.1	8.5	22.1	11.0	40.0	103.0	-24.4	-78.4	-0.3	-1.0
20	24051	1177	3872	5518	28.3	21.4	75.6	20.0	23499.0	2483.0	4068.0	982.0	5116.0	-211.0	23.1	12.7	-0.9	55.0	-3.9	5.2	8.7	22.3	18.0	41.0	104.0	-20.6	-79.5	-0.3	-1.1
20	24051	1177	3873	5518	28.3	21.4	75.6	20.0	23634.0	2529.0	4114.0	993.0	5231.0	-275.0	23.5	13.2	-1.1	56.2	-4.7	4.8	8.2	22.5	17.0	38.0	105.0	-19.4	-80.3	-0.3	-1.1
25	24049	1451	5066	5518	34.9	28.0	80.2	25.0	23634.0	3959.0	5174.0	1347.0	5236.0	-227.0	31.8	20.7	-1.2	65.1	-3.8	3.1	7.3	29.2	9.0	26.0	104.0	-15.1	-84.0	-0.2	-1.0
25	24049	1451	5066	5518	34.9	28.0	80.2	25.0	23634.0	3867.0	5220.0	1252.0	5279.0	-121.0	29.6	20.4	-0.6	68.9	-2.0	5.3	7.6	28.6	15.0	27.0	102.0	-11.3	-82.2	-0.1	-1.0
25	24048	1451	5065	5518	34.9	27.9	79.9	25.0	23364.0	3867.0	5220.0	1305.0	5209.0	-211.0	30.5	20.1	-1.1	65.9	-3.6	4.4	7.8	29.0	13.0	28.0	104.0	-14.0	-83.5	-0.2	-1.0
25	24048	1451	5065	5518	34.9	27.9	79.9	25.0	23499.0	3728.0	5036.0	1332.0	5307.0	-222.0	31.3	19.8	-1.1	63.3	-3.5	3.6	8.1	29.0	10.0	29.0	104.0	-16.6	-83.4	-0.2	-1.0
25	24048	1451	5065	5518	34.9	27.9	79.9	25.0	23904.0	3821.0	4943.0	1273.0	5252.0	-201.0	30.4	20.1	-1.0	66.1	-3.3	4.5	7.8	28.9	13.0	28.0	104.0	-13.8	-83.2	-0.2	-1.0
30	24049	1725	6257	5518	41.5	34.5	83.1	30.0	23431.0	5158.0	6188.0	1617.0	5247.0	-169.0	37.9	27.1	-1.0	71.5	-2.6	3.6	7.4	35.5	9.0	21.0	103.0	-11.6	-85.7	-0.1	-1.0
30	24049	1725	6257	5518	41.5	34.5	83.1	30.0	23499.0	5020.0	6418.0	1638.0	5236.0	-137.0	38.5	26.3	-0.9	68.3	-2.3	3.0	8.2	35.4	7.0	24.0	103.0	-14.8	-85.4	-0.2	-1.0
30	24049	1725	6257	5518	41.5	34.5	83.1	30.0	23296.0	5112.0	6280.0	1654.0	5252.0	-148.0	38.5	26.8	-0.9	69.6	-2.3	3.0	7.7	35.4	7.0	22.0	103.0	-13.5	-85.4	-0.2	-1.0
30	24049	1725	6257	5518	41.5	34.5	83.1	30.0	23971.0	5112.0	6280.0	1564.0	5285.0	-153.0	37.5	27.0	-1.0	72.0	-2.7	4.0	7.5	35.5	10.0	22.0	103.0	-11.1	-85.8	-0.1	-1.0
30	24049	1725	6257	5518	41.5	34.5	83.1	30.0	23634.0	4881.0	6280.0	1654.0	5258.0	-126.0	39.1	25.7	-0.8	65.7	-2.0	2.4	8.8	35.3	6.0	26.0	102.0	-17.4	-85.1	-0.2	-1.0
35	24047	1999	7448	5518	48.1	41.1	85.4	35.0	23431.0	6034.0	7571.0	1876.0	5225.0	-195.0	44.0	31.5	-1.5	71.6	-3.4	4.1	9.6	42.6	9.0	23.0	104.0	-13.8	-88.8	-0.2	-1.0
35	24047	1999	7448	5518	48.1	41.1	85.4	35.0	23904.0	6219.0	7432.0	1802.0	5220.0	-153.0	43.1	32.5	-1.1	75.4	-2.6	5.0	8.6	42.2	10.0	21.0	103.0	-10.0	-88.0	-0.1	-1.0
35	24047	1999	7448	5518	48.1	41.1	85.4	35.0	23161.0	6219.0	7571.0	1850.0	5220.0	-116.0	42.8	32.5	-0.9	75.9	-2.1	5.3	8.6	42.0	11.0	21.0	102.0	-9.5	-87.5	-0.1	-1.0
35	24047	1999	7448	5518	48.1	41.1	85.4	35.0	23701.0	6219.0	7340.0	1813.0	5198.0	-105.0	43.0	32.3	-0.8	75.1	-1.9	5.1	8.8	41.9	11.0	21.0	102.0	-10.3	-87.3	-0.1	-1.0
35	24047	1999	7448	5518	48.1	41.1	85.4	35.0	23296.0	6311.0	7340.0	1861.0	5285.0	-254.0	43.4	33.4	-1.9	77.0	-4.4	4.7	7.7	43.0	10.0	19.0	105.0	-8.4	-89.8	-0.1	-1.1
40	24054	2273	8641	5518	54.7	47.7	87.2	40.0	23431.0	7418.0	8677.0	2067.0	5220.0	-126.0	48.4	38.7	-1.1	80.0	-2.3	6.3	9.0	48.8	12.0	19.0	102.0	-7.2	-89.5	-0.1	-1.0
40	24054	2273	8641	5518	54.7	47.7	87.2	40.0	23364.0	7372.0	8815.0	2077.0	5296.0	-100.0	48.5	39.0	-0.9	80.4	-1.9	6.2	8.7	48.6	11.0	18.0	102.0	-6.8	-89.1	-0.1	-1.0
40	24054	2273	8641	5518	54.7	47.7	87.2	40.0	23364.0	7326.0	8861.0	2157.0	5274.0	-174.0	50.4	38.6	-1.5	76.6	-3.0	4.3	9.1	49.2	8.0	19.0	103.0	-10.6	-90.2	-0.1	-1.0
40	24054	2273	8641	5518	54.7	47.7	87.2	40.0	23296.0	7326.0	8677.0	2173.0	5279.0	-94.0	50.6	38.7	-0.8	76.5	-1.6	4.1	9.0	48.5	7.0	19.0	102.0	-10.7	-88.8	-0.1	-1.0
40	24054	2273	8641	5518	54.7	47.7	87.2	40.0	23431.0	7418.0	8815.0	2125.0	5274.0	-195.0	49.8	39.1	-1.7	78.5	-3.4	4.9	8.6	49.4	9.0	18.0	104.0	-8.7	-90.6	-0.1	-1.0
45	24057	2547	9835	5518	61.3	54.3	88.6	45.0	23431.0	8617.0	10059.0	2442.0	5236.0	-94.0	57.2	45.1	-0.9	78.8	-1.6	4.1	9.2	55.2	7.0	17.0	102.0	-9.8	-90.2	-0.1	-1.0
45	24057	2547	9835	5518	61.3	54.3	88.6	45.0	23769.0	8571.0	9783.0	2315.0	5220.0	-174.0	55.0	44.7	-1.7	81.3	-3.1	6.3	9.6	56.0	10.0	18.0	103.0	-7.3	-91.7	-0.1	-1.0
45	24057	2547	9835	5518	61.3	54.3	88.6	45.0	23364.0	8663.0	9875.0	2358.0	5269.0	-137.0	55.1	45.6	-1.4	82.8	-2.5	6.2	8.7	55.7	10.0	16.0	103.0	-5.8	-91.1	-0.1	-1.0
45	24057	2547	9835	5518	61.3	54.3	88.6	45.0	23769.0	8525.0	9783.0	2421.0	5269.0	-153.0	57.5	44.9	-1.5	78.1	-2.6	3.8	9.4	55.8	6.0	17.0	103.0	-10.5	-91.2	-0.1	-1.0
45	24057	2547	9835	5518	61.3	54.3	88.6	45.0	23836.0	8432.0	9967.0	2358.0	5214.0	-222.0	56.2	44.0	-2.2	78.3	-3.9	5.1	10.3	56.5	8.0	19.0	104.0	-10.3	-92.5	-0.1	-1.0
50	24052	2820	11026	5518	67.8	60.8	89.7	50.0	23769.0	9770.0	10981.0	2675.0	5393.0	-116.0	63.6	52.7	-1.3	82.9	-2.0	4.2	8.1	62.1	6.0	13.0	102.0	-6.8	-91.7	-0.1	-1.0
50	24053	2820	11026	5518	67.8	60.8	89.7	50.0	23634.0	9770.0	11027.0	2559.0	5269.0	-190.0	60.5	51.5	-2.1	85.1	-3.5	7.3	9.3	62.9	11.0	15.0	103.0	-4.6	-93.2	-0.1	-1.0
50	24053	2820	11026	5518	67.8	60.8	89.7	50.0	23701.0	9862.0	11212.0	2686.0	5279.0	-137.0	63.7	52.1	-1.5	81.8	-2.4	4.1	8.7	62.3	6.0	14.0	102.0	-7.9	-92.1	-0.1	-1.0
50	24053	2820	11026	5518	67.8	60.8	89.7	50.0	23566.0	9585.0	11212.0	2643.0	5236.0	-217.0	62.3	50.2	-2.4	80.6	-3.9	5.5	10.6	63.2	8.0	17.0	104.0	-9.1	-93.6	-0.1	-1.0
50	24053	2820	11026	5518	67.8	60.8	89.7	50.0	23431.0	9631.0	11212.0	2649.0	5269.0	-68.0	62.1	50.7	-0.8	81.6	-1.3	5.7	10.1	61.6	8.0	17.0	101.0	-8.1	-91.0	-0.1	-1.0
55	24056	3094	12221	5519	74.4	67.4	90.6	55.00000000000001	23836.0	10692.0	12594.0	2929.0	5301.0	-142.0	69.8	56.7	-1.8	81.2	-2.6	4.6	10.7	69.2	6.0	16.0	103.0	-9.4	-93.2	-0.1	-1.0
55	24056	3094	12221	5519	74.4	67.4	90.6	55.00000000000001	23431.0	10877.0	12456.0	2897.0	5317.0	-94.0	67.9	57.8	-1.2	85.1	-1.8	6.5	9.6	68.6	9.0	14.0	102.0	-5.5	-92.4	-0.1	-1.0
55	24056	3094	12221	5519	74.4	67.4	90.6	55.00000000000001	23566.0	10784.0	12502.0	2971.0	5290.0	-137.0	70.0	57.0	-1.7	81.4	-2.4	4.4	10.4	69.1	6.0	15.0	103.0	-9.2	-93.0	-0.1	-1.0
55	24056	3094	12221	5519	74.4	67.4	90.6	55.00000000000001	23769.0	11015.0	12318.0	2897.0	5279.0	-116.0	68.9	58.1	-1.4	84.3	-2.0	5.5	9.3	68.8	7.0	14.0	102.0	-6.3	-92.6	-0.1	-1.0
55	24056	3094	12221	5519	74.4	67.4	90.6	55.00000000000001	23769.0	11061.0	12410.0	2982.0	5269.0	-142.0	70.9	58.3	-1.8	82.2	-2.5	3.5	9.1	69.2	5.0	14.0	103.0	-8.4	-93.1	-0.1	-1.0
